時刻表,バス亭名,のりば地図,ID,(乗車)
https://shimabus.busplus.jp/signage/1,奄美空港,"https://www.google.com/maps/place/28.43161,129.707916/@28.43161,129.707916,19z",1.00,
https://shimabus.busplus.jp/signage/2,和野,,2.00,120円
https://shimabus.busplus.jp/signage/3,奄美パーク,,3.00,200円
https://shimabus.busplus.jp/signage/4,奄美パーク入口,,4.00,200円
https://shimabus.busplus.jp/signage/5,節田,,5.00,200円
https://shimabus.busplus.jp/signage/6,笠寿園前,,6.00,200円
https://shimabus.busplus.jp/signage/7,土浜,,7.00,270円
https://shimabus.busplus.jp/signage/8,用安,,8.00,360円
https://shimabus.busplus.jp/signage/9,ばしゃ山,,9.00,360円
https://shimabus.busplus.jp/signage/10,神の子,,10.00,410円
https://shimabus.busplus.jp/signage/11,東海岸,,11.00,460円
https://shimabus.busplus.jp/signage/12,赤尾木,,12.00,460円
https://shimabus.busplus.jp/signage/13,赤尾木郵便局前,,13.00,460円
https://shimabus.busplus.jp/signage/14,大島特別支援学校前,,14.00,500円
https://shimabus.busplus.jp/signage/15,根原,,15.00,500円
https://shimabus.busplus.jp/signage/16,大島紬村入口,,16.00,570円
https://shimabus.busplus.jp/signage/17,屋入ひさ倉前,"https://www.google.com/maps/place/28.414026,129.601588/@28.414026,129.601588,19z",17.00,570円
https://shimabus.busplus.jp/signage/18,愛寿園前,,18.00,620円
https://shimabus.busplus.jp/signage/19,龍郷町役場前,,19.00,620円
https://shimabus.busplus.jp/signage/20,龍南中学校前,,20.00,630円
https://shimabus.busplus.jp/signage/21,大勝（国道沿い）,,21.00,690円
https://shimabus.busplus.jp/signage/22,戸口入口,,22.00,730円
https://shimabus.busplus.jp/signage/23,ビッグⅡ前,"https://www.google.com/maps/place/28.382362,129.582787/@28.382362,129.582787,19z",23.00,730円
https://shimabus.busplus.jp/signage/24,中勝町営住宅前,,24.00,770円
https://shimabus.busplus.jp/signage/25,中勝（国道沿い）,,25.00,770円
https://shimabus.busplus.jp/signage/26,中勝入口（国道沿い）,,26.00,770円
https://shimabus.busplus.jp/signage/27,パーラーＮ１前,,27.00,930円
https://shimabus.busplus.jp/signage/28,竹ノ当橋,,28.00,930円
https://shimabus.busplus.jp/signage/29,有盛神社前,,29.00,960円
https://shimabus.busplus.jp/signage/30,浦上農業試験場前,,30.00,960円
https://shimabus.busplus.jp/signage/31,だいわ大熊店前,,31.00,980円
https://shimabus.busplus.jp/signage/32,輪内保育所前,,32.00,1010円
https://shimabus.busplus.jp/signage/33,鳩浜団地,,33.00,1010円
https://shimabus.busplus.jp/signage/34,鳩浜,,34.00,1010円
https://shimabus.busplus.jp/signage/35,鳩浜入口,,35.00,1010円
https://shimabus.busplus.jp/signage/36,佐大熊団地（県道沿い）,,36.00,1060円
https://shimabus.busplus.jp/signage/37,佐大熊（県道沿い）,,37.00,1060円
https://shimabus.busplus.jp/signage/38,小浜町,,38.00,1080円
https://shimabus.busplus.jp/signage/39,唐浜,,39.00,1080円
https://shimabus.busplus.jp/signage/40,御殿浜,,40.00,1100円
https://shimabus.busplus.jp/signage/41,朝日通り,,41.00,1100円
https://shimabus.busplus.jp/signage/42,しまバス本社前,"https://www.google.com/maps/place/28.378804,129.497062/@28.378804,129.497062,19z",42.00,1100円
https://shimabus.busplus.jp/signage/43,末広通り,,43.00,1100円
https://shimabus.busplus.jp/signage/44,奄美市役所前,"https://www.google.com/maps/place/28.37752,129.494235/@28.37752,129.494235,19z",44.00,1100円
https://shimabus.busplus.jp/signage/45,名瀬郵便局前,,45.00,1100円
https://shimabus.busplus.jp/signage/47,ウエストコート前,"https://www.google.com/maps/place/28.381622,129.493205/@28.381622,129.493205,19z",47.00,1100円
https://shimabus.busplus.jp/signage/48,矢の脇町,,48.00,1150円
https://shimabus.busplus.jp/signage/49,塩浜入口,,49.00,1150円
https://shimabus.busplus.jp/signage/50,塩浜,,50.00,1150円
https://shimabus.busplus.jp/signage/51,名瀬合同庁舎前,,51.00,1180円
https://shimabus.busplus.jp/signage/52,南海日日新聞社前,,52.00,1180円
https://shimabus.busplus.jp/signage/53,奄美中央病院前,,53.00,1180円
https://shimabus.busplus.jp/signage/54,長浜,,54.00,1180円
https://shimabus.busplus.jp/signage/55,福祉会館前,,55.00,1180円
https://shimabus.busplus.jp/signage/56,朝仁トンネル前,,56.00,1200円
https://shimabus.busplus.jp/signage/57,朝仁入口,,57.00,1200円
https://shimabus.busplus.jp/signage/58,朝仁中央,,58.00,1200円
https://shimabus.busplus.jp/signage/59,朝仁見取橋,,59.00,1220円
https://shimabus.busplus.jp/signage/60,朝仁,,60.00,1220円
https://shimabus.busplus.jp/signage/61,朝仁タイヨー前,,61.00,1220円
https://shimabus.busplus.jp/signage/62,浜里入口,,62.00,1270円
https://shimabus.busplus.jp/signage/63,浜里町,,63.00,1270円
https://shimabus.busplus.jp/signage/64,平松入口,,64.00,1270円
https://shimabus.busplus.jp/signage/65,平松町,,65.00,1270円
https://shimabus.busplus.jp/signage/66,こしゅく第１公園 ,,66.00,1270円
https://shimabus.busplus.jp/signage/67,入舟町,"https://www.google.com/maps/place/28.381192,129.4935/@28.381192,129.4935,19z",67.00,1100円
https://shimabus.busplus.jp/signage/68,港町,"https://www.google.com/maps/place/28.379687,129.494991/@28.379687,129.494991,19z",68.00,
https://shimabus.busplus.jp/signage/69,赤木名外金久,"https://www.google.com/maps/place/28%C2%B027'22.8%22N+129%C2%B040'27.3%22E/@28.4550457,129.6713961,1031m/data=!3m1!1e3!4m4!3m3!8m2!3d28.456345!4d129.674259?entry=ttu&g_ep=EgoyMDI2MDUwNi4wIKXMDSoASAFQAw%3D%3D",69.00,
https://shimabus.busplus.jp/signage/70,赤木名中金久,"https://www.google.com/maps/place/28.454996,129.674989/@28.454996,129.674989,19z",70.00,
https://shimabus.busplus.jp/signage/71,奄美市笠利総合支所前,https://shimabus.busplus.jp/signage/71/71_01,71.00,
https://shimabus.busplus.jp/signage/72,赤木名入口,"https://www.google.com/maps/place/28.451911,129.677768/@28.451911,129.677768,19z",72.00,
https://shimabus.busplus.jp/signage/73,赤木名Ａコープ前,"https://www.google.com/maps/place/28.450399,129.68396/@28.450399,129.68396,19z",73.00,
https://shimabus.busplus.jp/signage/74,和野入口,"https://www.google.com/maps/place/28.440515,129.693227/@28.440515,129.693227,19z",74.00,
https://shimabus.busplus.jp/signage/75,万屋,"https://www.google.com/maps/place/28%C2%B026'37.2%22N+129%C2%B042'36.5%22E/@28.440555,129.706457,2062m/data=!3m1!1e3!4m4!3m3!8m2!3d28.443667!4d129.710137?entry=ttu&g_ep=EgoyMDI2MDUwNi4wIKXMDSoASAFQAw%3D%3D",75.00,
https://shimabus.busplus.jp/signage/76,有屋入口,"https://www.google.com/maps/place/28.393071,129.529196/@28.393071,129.529196,19z",76.00,
https://shimabus.busplus.jp/signage/77,和光入口,"https://www.google.com/maps/place/28.390933,129.526239/@28.390933,129.526239,19z",77.00,
https://shimabus.busplus.jp/signage/78,和光中央,"https://www.google.com/maps/place/28.389522,129.523149/@28.389522,129.523149,19z",78.00,
https://shimabus.busplus.jp/signage/79,奄美自動車検査登録事務所前,"https://www.google.com/maps/place/28.388295,129.52044/@28.388295,129.52044,19z",79.00,
https://shimabus.busplus.jp/signage/80,和光園前,"https://www.google.com/maps/place/28.386757,129.517254/@28.386757,129.517254,19z",80.00,
https://shimabus.busplus.jp/signage/131,せとうち海の駅,"https://www.google.com/maps/place/28.145686,129.309205/@28.145686,129.309205,19z",131.00,